pair_id,d_fr_finance,d_fr_nature,delta_fr
0,1.400952734053135,1.7198500111699104,-0.3188972771167755
3,1.8732519298791885,1.8144916892051697,0.05876024067401886
8,1.2208136320114136,1.3236888498067856,-0.10287521779537201
9,2.3221066892147064,1.6989376321434975,0.623169057071209
