{
  "test1_lm_projection": {
    "projection_ratio_per_layer": {
      "0": 0.0,
      "1": 0.01969865197964941,
      "2": 0.02026118331337707,
      "3": 0.0202515214166597,
      "4": 0.0204558138002097,
      "5": 0.019477607891818585,
      "6": 0.01981130616038497,
      "7": 0.019718060546429744,
      "8": 0.019508791986966183,
      "9": 0.020077639415737154,
      "10": 0.019864656890543224,
      "11": 0.019222731705252637,
      "12": 0.01888852068929085,
      "13": 0.018544108625981368,
      "14": 0.018602966544140072,
      "15": 0.018474956667131937,
      "16": 0.01796112146790337,
      "17": 0.018281861247019405,
      "18": 0.018125042547339053,
      "19": 0.018561547465150516,
      "20": 0.018614812392561384,
      "21": 0.0187554776490546,
      "22": 0.019507725455418325,
      "23": 0.019465473911844486,
      "24": 0.019735595227916125,
      "25": 0.019559844671855803,
      "26": 0.019908145139748142,
      "27": 0.020462322291797577,
      "28": 0.020342611027819077,
      "29": 0.020574837012468355,
      "30": 0.02000378662585782,
      "31": 0.019870660402323125,
      "32": 0.020229672345940274
    },
    "probe_accuracy_per_layer": {
      "0": 0.5,
      "1": 1.0,
      "2": 1.0,
      "3": 1.0,
      "4": 1.0,
      "5": 1.0,
      "6": 1.0,
      "7": 1.0,
      "8": 1.0,
      "9": 1.0,
      "10": 1.0,
      "11": 1.0,
      "12": 1.0,
      "13": 1.0,
      "14": 1.0,
      "15": 1.0,
      "16": 1.0,
      "17": 1.0,
      "18": 1.0,
      "19": 1.0,
      "20": 1.0,
      "21": 1.0,
      "22": 1.0,
      "23": 1.0,
      "24": 1.0,
      "25": 1.0,
      "26": 1.0,
      "27": 1.0,
      "28": 1.0,
      "29": 1.0,
      "30": 1.0,
      "31": 1.0,
      "32": 1.0
    },
    "projection_ratio_peak_layer": 29,
    "projection_ratio_peak": 0.020574837012468355,
    "projection_ratio_output": 0.020229672345940274,
    "scrubbing": {
      "layer": 32,
      "mean_d_fr_scrubbed": 0.11325599755218718,
      "interpretation": "SUBSTANTIAL effect on output logits",
      "per_pair": [
        {
          "pair_id": 0,
          "d_fr_A": 0.207452192902565,
          "d_fr_B": 0.01874650828540325,
          "d_fr_mean": 0.11309935059398413
        },
        {
          "pair_id": 1,
          "d_fr_A": 0.2732503414154053,
          "d_fr_B": 0.037174101918935776,
          "d_fr_mean": 0.15521222166717052
        },
        {
          "pair_id": 2,
          "d_fr_A": 0.19831500947475433,
          "d_fr_B": 0.038750577718019485,
          "d_fr_mean": 0.11853279359638691
        },
        {
          "pair_id": 3,
          "d_fr_A": 0.22242149710655212,
          "d_fr_B": 0.04799202084541321,
          "d_fr_mean": 0.13520675897598267
        },
        {
          "pair_id": 4,
          "d_fr_A": 0.2543930113315582,
          "d_fr_B": 0.020403001457452774,
          "d_fr_mean": 0.1373980063945055
        },
        {
          "pair_id": 5,
          "d_fr_A": 0.219335675239563,
          "d_fr_B": 0.0,
          "d_fr_mean": 0.1096678376197815
        },
        {
          "pair_id": 6,
          "d_fr_A": 0.26136940717697144,
          "d_fr_B": 0.0,
          "d_fr_mean": 0.13068470358848572
        },
        {
          "pair_id": 7,
          "d_fr_A": 0.17368783056735992,
          "d_fr_B": 0.0,
          "d_fr_mean": 0.08684391528367996
        },
        {
          "pair_id": 8,
          "d_fr_A": 0.22373346984386444,
          "d_fr_B": 0.0,
          "d_fr_mean": 0.11186673492193222
        },
        {
          "pair_id": 9,
          "d_fr_A": 0.1992628574371338,
          "d_fr_B": 0.027578385546803474,
          "d_fr_mean": 0.11342062149196863
        },
        {
          "pair_id": 10,
          "d_fr_A": 0.1767856776714325,
          "d_fr_B": 0.0,
          "d_fr_mean": 0.08839283883571625
        },
        {
          "pair_id": 11,
          "d_fr_A": 0.22744670510292053,
          "d_fr_B": 0.0,
          "d_fr_mean": 0.11372335255146027
        },
        {
          "pair_id": 12,
          "d_fr_A": 0.2142871469259262,
          "d_fr_B": 0.0038447310216724873,
          "d_fr_mean": 0.10906593897379935
        },
        {
          "pair_id": 13,
          "d_fr_A": 0.1865936666727066,
          "d_fr_B": 0.0,
          "d_fr_mean": 0.0932968333363533
        },
        {
          "pair_id": 14,
          "d_fr_A": 0.19835352897644043,
          "d_fr_B": 0.0,
          "d_fr_mean": 0.09917676448822021
        },
        {
          "pair_id": 15,
          "d_fr_A": 0.19301457703113556,
          "d_fr_B": 0.0,
          "d_fr_mean": 0.09650728851556778
        }
      ]
    }
  },
  "test2_recency_control": {
    "common_suffix_tokens": 313,
    "context_length_tokens": 592,
    "max_position_embeddings": 2048,
    "cosine_profile": {
      "original_peak_layer": 16,
      "original_peak": 0.028455983847379684,
      "original_output": 0.011845972388982773,
      "original_peak_output_ratio": 2.4021653025162277,
      "recency_peak_layer": 16,
      "recency_peak": 0.02388615533709526,
      "recency_output": 0.01956753060221672,
      "recency_peak_output_ratio": 1.2207036147110613,
      "peak_reduction_pct": 16.059288390076976
    },
    "interpretation": "Divergence PERSISTS despite recency equalization",
    "probe_accuracy": {
      "0": {
        "acc": 0.5,
        "auc": 0.5
      },
      "8": {
        "acc": 1.0,
        "auc": 1.0
      },
      "16": {
        "acc": 1.0,
        "auc": 1.0
      },
      "24": {
        "acc": 1.0,
        "auc": 1.0
      },
      "32": {
        "acc": 1.0,
        "auc": 1.0
      }
    },
    "projection_ratio_layer32": {
      "original": 0.020229672345940274,
      "recency_equalized": 0.020841258619797277
    }
  },
  "elapsed_seconds": 44.463932514190674
}